title,authors,genre,published_year
"Sapiens: A Brief History of Humankind","Yuval Noah Harari","History",2011
"Homo Deus","Yuval Noah Harari","History",2016
"Dune","Frank Herbert","Fantasy",1965
"Foundation","Isaac Asimov","Fiction",1951
"Good Omens","Terry Pratchett;Neil Gaiman","Fantasy",1990
"A Brief History of Time","Stephen Hawking","Science",1988
"The Pragmatic Programmer","Andy Hunt;Dave Thomas","Non-Fiction",1999
"And Then There Were None","Agatha Christie","Mystery",1939
"Steve Jobs","Walter Isaacson","Biography",2011
